Name,Address,Second address,City,State,Zipcode,Country,Phone,URL
albuquerque-nm-87110,6565 Americas Parkway NE,,Albuquerque,NM,87110,USA,866-976-5669,https://custommortgageinc.com
alpharetta-ga-30004,12600 Deerfield Parkway,,Alpharetta,GA,30004,USA,866-976-5669,https://custommortgageinc.com
anchorage-ak-99501,420 L Street,,Anchorage,AK,99501,USA,866-976-5669,https://custommortgageinc.com
ann-arbor-mi-48104,101 North Main Street,,Ann Arbor,MI,48104,USA,866-976-5669,https://custommortgageinc.com
arlington-tx-76018,3901 Arlington Highlands Boulevard,Suite 200,Arlington,TX,76018,USA,866-976-5669,https://custommortgageinc.com
atlanta-ga-30303,101 Marietta Street,,Atlanta,GA,30303,USA,866-976-5669,https://custommortgageinc.com
atlanta-ga-30308,303 Peachtree Street NE,,Atlanta,GA,30308,USA,866-976-5669,https://custommortgageinc.com
atlanta-ga-30326,3355 Lenox Road,,Atlanta,GA,30326,USA,866-976-5669,https://custommortgageinc.com
atlanta-ga-30342,5555 Glenridge Connector,,Atlanta,GA,30342,USA,866-976-5669,https://custommortgageinc.com
austin-tx-78701,100 Congress Avenue,,Austin,TX,78701,USA,866-976-5669,https://custommortgageinc.com
austin-tx-78758,11501 Domain Drive,,Austin,TX,78758,USA,866-976-5669,https://custommortgageinc.com
baltimore-md-21202,100 East Pratt Street,,Baltimore,MD,21202,USA,866-976-5669,https://custommortgageinc.com
bellevue-wa-98004,10500 NE 8th Street,,Bellevue,WA,98004,USA,866-976-5669,https://custommortgageinc.com
berkeley-ca-94704,2150 Shattuck Avenue,,Berkeley,CA,94704,USA,866-976-5669,https://custommortgageinc.com
bethesda-md-20814,4800 Hampden Lane,,Bethesda,MD,20814,USA,866-976-5669,https://custommortgageinc.com
beverly-hills-ca-90212,9100 Wilshire Boulevard,#616,Beverly Hills,CA,90212,USA,866-976-5669,https://custommortgageinc.com
beverly-hills-ca-90212,9465 Wilshire Boulevard,,Beverly Hills,CA,90212,USA,866-976-5669,https://custommortgageinc.com
boca-raton-fl-33432,1200 North Federal Highway,,Boca Raton,FL,33432,USA,866-976-5669,https://custommortgageinc.com
boston-ma-02111,711 Atlantic Avenue,,Boston,MA,02111,USA,866-976-5669,https://custommortgageinc.com
boston-ma-02114,100 Cambridge Street,,Boston,MA,02114,USA,866-976-5669,https://custommortgageinc.com
boston-ma-02116,One Boston Place,,Boston,MA,02116,USA,866-976-5669,https://custommortgageinc.com
boston-ma-02116,60 State Street,,Boston,MA,02116,USA,866-976-5669,https://custommortgageinc.com
boulder-co-80302,1434 Spruce Street,,Boulder,CO,80302,USA,866-976-5669,https://custommortgageinc.com
burbank-ca-91505,3900 West Alameda Avenue,,Burbank,CA,91505,USA,866-976-5669,https://custommortgageinc.com
carlsbad-ca-92008,5780 Fleet Street,,Carlsbad,CA,92008,USA,866-976-5669,https://custommortgageinc.com
charleston-sc-29401,304 King Street,,Charleston,SC,29401,USA,866-976-5669,https://custommortgageinc.com
charleston-sc-29401,174 Meeting Street,,Charleston,SC,29401,USA,866-976-5669,https://custommortgageinc.com
charlotte-nc-28202,200 South College Street,,Charlotte,NC,28202,USA,866-976-5669,https://custommortgageinc.com
charlotte-nc-28202,128 South Tryon Street,,Charlotte,NC,28202,USA,866-976-5669,https://custommortgageinc.com
charlotte-nc-28202,401 North Tryon Street,,Charlotte,NC,28202,USA,866-976-5669,https://custommortgageinc.com
charlotte-nc-28210,6100 Fairview Road,,Charlotte,NC,28210,USA,866-976-5669,https://custommortgageinc.com
chevy-chase-md-20815,5425 Wisconsin Avenue,,Chevy Chase,MD,20815,USA,866-976-5669,https://custommortgageinc.com
chicago-il-60604,175 West Jackson Boulevard,,Chicago,IL,60604,USA,866-976-5669,https://custommortgageinc.com
chicago-il-60611,625 North Michigan Avenue,,Chicago,IL,60611,USA,866-976-5669,https://custommortgageinc.com
chicago-il-60654,321 North Clark Street,,Chicago,IL,60654,USA,866-976-5669,https://custommortgageinc.com
cincinnati-oh-45202,312 Walnut Street,,Cincinnati,OH,45202,USA,866-976-5669,https://custommortgageinc.com
cleveland-oh-44114,1100 Superior Avenue,,Cleveland,OH,44114,USA,866-976-5669,https://custommortgageinc.com
colorado-springs-co-80903,2 North Cascade Avenue,,Colorado Springs,CO,80903,USA,866-976-5669,https://custommortgageinc.com
columbia-md-21044,10320 Little Patuxent Parkway,,Columbia,MD,21044,USA,866-976-5669,https://custommortgageinc.com
columbia-sc-29201,1221 Main Street,,Columbia,SC,29201,USA,866-976-5669,https://custommortgageinc.com
columbus-oh-43215,175 South Third Street,,Columbus,OH,43215,USA,866-976-5669,https://custommortgageinc.com
conshohocken-pa-19428,101 West Elm Street,,Conshohocken,PA,19428,USA,866-976-5669,https://custommortgageinc.com
coral-gables-fl-33134,2525 Ponce de Leon Boulevard,,Coral Gables,FL,33134,USA,866-976-5669,https://custommortgageinc.com
costa-mesa-ca-92626,3420 Bristol Street,,Costa Mesa,CA,92626,USA,866-976-5669,https://custommortgageinc.com
dallas-tx-75201,1717 Main Street,,Dallas,TX,75201,USA,866-976-5669,https://custommortgageinc.com
dallas-tx-75201,2000 McKinney Avenue,,Dallas,TX,75201,USA,866-976-5669,https://custommortgageinc.com
dallas-tx-75219,2200 Victory Avenue,,Dallas,TX,75219,USA,866-976-5669,https://custommortgageinc.com
del-mar-ca-92014,1155 Camino Del Mar,,Del Mar,CA,92014,USA,866-976-5669,https://custommortgageinc.com
denver-co-80202,1801 California Street,,Denver,CO,80202,USA,866-976-5669,https://custommortgageinc.com
denver-co-80237,7900 East Union Avenue,,Denver,CO,80237,USA,866-976-5669,https://custommortgageinc.com
des-moines-ia-50309,801 Grand Avenue,,Des Moines,IA,50309,USA,866-976-5669,https://custommortgageinc.com
detroit-mi-48226,500 Woodward Avenue,,Detroit,MI,48226,USA,866-976-5669,https://custommortgageinc.com
durham-nc-27703,4721 Emperor Boulevard,,Durham,NC,27703,USA,866-976-5669,https://custommortgageinc.com
eatontown-nj-,12 Christopher Way,,Eatontown,NJ,,USA,866-976-5669,https://custommortgageinc.com
el-paso-tx-79901,221 North Kansas Street,Suite 700,El Paso,TX,79901,USA,866-976-5669,https://custommortgageinc.com
encino-ca-91436,16501 Ventura Blvd,STE 400,Encino,CA,91436,USA,866-976-5669,https://custommortgageinc.com
fairbanks-ak-99701,250 Cushman Street,,Fairbanks,AK,99701,USA,866-976-5669,https://custommortgageinc.com
fort-lauderdale-fl-33301,110 East Broward Boulevard,,Fort Lauderdale,FL,33301,USA,866-976-5669,https://custommortgageinc.com
fort-worth-tx-76102,777 Main Street,,Fort Worth,TX,76102,USA,866-976-5669,https://custommortgageinc.com
fresno-ca-93711,1690 West Shaw Avenue,Suite 220,Fresno,CA,93711,USA,866-976-5669,https://custommortgageinc.com
garden-city-ny-11530,1325 Franklin Avenue,,Garden City,NY,11530,USA,866-976-5669,https://custommortgageinc.com
glendale-ca-91203,655 North Central Avenue,,Glendale,CA,91203,USA,866-976-5669,https://custommortgageinc.com
grand-rapids-mi-49503,99 Monroe Avenue NW,,Grand Rapids,MI,49503,USA,866-976-5669,https://custommortgageinc.com
greenville-sc-29601,101 North Main Street,,Greenville,SC,29601,USA,866-976-5669,https://custommortgageinc.com
greenwich-ct-,500 West Putnam Avenue,,Greenwich,CT,,USA,866-976-5669,https://custommortgageinc.com
greenwich-ct-,100 W Putnam Avenue,,Greenwich,CT,,USA,866-976-5669,https://custommortgageinc.com
hagatna-gu-96910,414 West Soledad Avenue,,Hagatna,GU,96910,USA,866-976-5669,https://custommortgageinc.com
harrison-ny-10528,2 South Road,,Harrison,NY,10528,USA,866-976-5669,https://custommortgageinc.com
honolulu-hi-96813,1000 Bishop Street,,Honolulu,HI,96813,USA,866-976-5669,https://custommortgageinc.com
houston-tx-77002,1000 Main Street,,Houston,TX,77002,USA,866-976-5669,https://custommortgageinc.com
houston-tx-77002,1001 McKinney Street,,Houston,TX,77002,USA,866-976-5669,https://custommortgageinc.com
houston-tx-77098,3800 Buffalo Speedway,,Houston,TX,77098,USA,866-976-5669,https://custommortgageinc.com
indianapolis-in-46204,111 Monument Circle,,Indianapolis,IN,46204,USA,866-976-5669,https://custommortgageinc.com
irvine-ca-92618,200 Spectrum Center Drive,,Irvine,CA,92618,USA,866-976-5669,https://custommortgageinc.com
jacksonville-fl-32202,50 North Laura Street,,Jacksonville,FL,32202,USA,866-976-5669,https://custommortgageinc.com
jersey-city-nj-,123 Town Square Place,,Jersey City,NJ,,USA,866-976-5669,https://custommortgageinc.com
juneau-ak-99801,400 Willoughby Avenue,,Juneau,AK,99801,USA,866-976-5669,https://custommortgageinc.com
kailua-kona-hi-96740,75-5905 Walua Road,,Kailua-Kona,HI,96740,USA,866-976-5669,https://custommortgageinc.com
kansas-city-mo-64105,1200 Main Street,,Kansas City,MO,64105,USA,866-976-5669,https://custommortgageinc.com
king-of-prussia-pa-19406,630 Freedom Business Center,,King Of Prussia,PA,19406,USA,866-976-5669,https://custommortgageinc.com
la-jolla-ca-92037,888 Prospect Street,,La Jolla,CA,92037,USA,866-976-5669,https://custommortgageinc.com
lahaina-hi-96761,845 Front Street,,Lahaina,HI,96761,USA,866-976-5669,https://custommortgageinc.com
lake-success-ny-11042,1979 Marcus Avenue,,Lake Success,NY,11042,USA,866-976-5669,https://custommortgageinc.com
las-vegas-nv-89169,3800 Howard Hughes Parkway,,Las Vegas,NV,89169,USA,866-976-5669,https://custommortgageinc.com
long-beach-ca-90802,111 West Ocean Boulevard,Suite 400,Long Beach,CA,90802,USA,866-976-5669,https://custommortgageinc.com
los-angeles-ca-90006,900 Westmoreland Avenue,#301,Los Angeles,CA,90006,USA,866-976-5669,https://custommortgageinc.com
los-angeles-ca-90024,10880 Wilshire Boulevard,,Los Angeles,CA,90024,USA,866-976-5669,https://custommortgageinc.com
los-angeles-ca-90067,2029 Century Park East,,Los Angeles,CA,90067,USA,866-976-5669,https://custommortgageinc.com
los-angeles-ca-90071,633 West 5th Street,,Los Angeles,CA,90071,USA,866-976-5669,https://custommortgageinc.com
louisville-ky-40202,312 South Fourth Street,Suite 700,Louisville,KY,40202,USA,866-976-5669,https://custommortgageinc.com
madison-wi-53703,1 East Main Street,,Madison,WI,53703,USA,866-976-5669,https://custommortgageinc.com
medford-ma-,101 Station Landing,,Medford,MA,,USA,866-976-5669,https://custommortgageinc.com
memphis-tn-38103,107 S Main Street,2nd Floor,Memphis,TN,38103,USA,866-976-5669,https://custommortgageinc.com
mesa-az-85206,3707 East Southern Avenue,,Mesa,AZ,85206,USA,866-976-5669,https://custommortgageinc.com
miami-fl-33131,1221 Brickell Avenue,,Miami,FL,33131,USA,866-976-5669,https://custommortgageinc.com
miami-fl-33131,100 SE 2nd Street,,Miami,FL,33131,USA,866-976-5669,https://custommortgageinc.com
miami-beach-fl-33139,1688 Meridian Avenue,,Miami Beach,FL,33139,USA,866-976-5669,https://custommortgageinc.com
milwaukee-wi-53202,411 East Wisconsin Avenue,,Milwaukee,WI,53202,USA,866-976-5669,https://custommortgageinc.com
minneapolis-mn-55402,225 South 6th Street,,Minneapolis,MN,55402,USA,866-976-5669,https://custommortgageinc.com
minneapolis-mn-55402,80 South 8th Street,,Minneapolis,MN,55402,USA,866-976-5669,https://custommortgageinc.com
mountain-view-ca-94041,800 California Street,,Mountain View,CA,94041,USA,866-976-5669,https://custommortgageinc.com
naperville-il-60563,1560 North Wells Street,,Naperville,IL,60563,USA,866-976-5669,https://custommortgageinc.com
naples-fl-34108,999 Vanderbilt Beach Road,,Naples,FL,34108,USA,866-976-5669,https://custommortgageinc.com
nashville-tn-37201,222 2nd Avenue South,,Nashville,TN,37201,USA,866-976-5669,https://custommortgageinc.com
nashville-tn-37203,1 Music Circle North,,Nashville,TN,37203,USA,866-976-5669,https://custommortgageinc.com
nashville-tn-37219,424 Church St,,Nashville,TN,37219,USA,866-976-5669,https://custommortgageinc.com
nashville-tn-37238,315 Deaderick,,Nashville,TN,37238,USA,866-976-5669,https://custommortgageinc.com
new-orleans-la-70130,650 Poydras Street,Suite 1400,New Orleans,LA,70130,USA,866-976-5669,https://custommortgageinc.com
new-york-ny-10001,5 Penn Plaza,,New York,NY,10001,USA,866-976-5669,https://custommortgageinc.com
new-york-ny-10006,65 Broadway,,New York,NY,10006,USA,866-976-5669,https://custommortgageinc.com
new-york-ny-10010,1123 Broadway,,New York,NY,10010,USA,866-976-5669,https://custommortgageinc.com
new-york-ny-10016,387 Park Avenue South,,New York,NY,10016,USA,866-976-5669,https://custommortgageinc.com
newport-beach-ca-92660,520 Newport Center Drive,,Newport Beach,CA,92660,USA,866-976-5669,https://custommortgageinc.com
newton-ma-,275 Grove Street,,Newton,MA,,USA,866-976-5669,https://custommortgageinc.com
norwalk-ct-,101 Merritt 7 Corporate Park,,Norwalk,CT,,USA,866-976-5669,https://custommortgageinc.com
norwalk-ct-,201 Merritt 7 Corporate Park,,Norwalk,CT,,USA,866-976-5669,https://custommortgageinc.com
norwalk-ct-,200 Connecticut Avenue,,Norwalk,CT,,USA,866-976-5669,https://custommortgageinc.com
oak-brook-il-60523,1200 Harger Road,,Oak Brook,IL,60523,USA,866-976-5669,https://custommortgageinc.com
oakland-ca-94607,1111 Broadway,,Oakland,CA,94607,USA,866-976-5669,https://custommortgageinc.com
oklahoma-city-ok-73102,101 Park Avenue,Suite 1300,Oklahoma City,OK,73102,USA,866-976-5669,https://custommortgageinc.com
omaha-ne-68102,1299 Farnam Street,,Omaha,NE,68102,USA,866-976-5669,https://custommortgageinc.com
orlando-fl-32801,500 S Orange Ave Downtown,Suite 800,Orlando,FL,32801,USA,866-976-5669,https://custommortgageinc.com
pago-pago-as-96799,Pago Plaza,,Pago Pago,AS,96799,USA,866-976-5669,https://custommortgageinc.com
pasadena-ca-91105,117 East Colorado Boulevard,,Pasadena,CA,91105,USA,866-976-5669,https://custommortgageinc.com
philadelphia-pa-19102,1500 Market St Fl 12,,Philadelphia,PA,19102,USA,866-976-5669,https://custommortgageinc.com
philadelphia-pa-19103,1650 Market Street,,Philadelphia,PA,19103,USA,866-976-5669,https://custommortgageinc.com
philadelphia-pa-19107,100 South Juniper,,Philadelphia,PA,19107,USA,866-976-5669,https://custommortgageinc.com
philadelphia-pa-19109,123 S Broad Street,,Philadelphia,PA,19109,USA,866-976-5669,https://custommortgageinc.com
phoenix-az-11811,North Tatum Blvd Ste 3031,,Phoenix,AZ,11811,USA,866-976-5669,https://custommortgageinc.com
phoenix-az-20860,North Tatum Boulevard,,Phoenix,AZ,20860,USA,866-976-5669,https://custommortgageinc.com
phoenix-az-85004,2 N Central Ave,,Phoenix,AZ,85004,USA,866-976-5669,https://custommortgageinc.com
phoenix-az-85012,20 East Thomas Road,,Phoenix,AZ,85012,USA,866-976-5669,https://custommortgageinc.com
portland-or-97204,1050 Southwest 6th Avenue,,Portland,OR,97204,USA,866-976-5669,https://custommortgageinc.com
portland-or-97204,111 Southwest Fifth Avenue,,Portland,OR,97204,USA,866-976-5669,https://custommortgageinc.com
portland-or-97214,555 Southeast Martin Luther King Junior Boulevard,,Portland,OR,97214,USA,866-976-5669,https://custommortgageinc.com
portland-or-97232,650 Northeast Holladay Street,,Portland,OR,97232,USA,866-976-5669,https://custommortgageinc.com
raleigh-nc-27601,421 Fayetteville Street,Suite 1100,Raleigh,NC,27601,USA,866-976-5669,https://custommortgageinc.com
sacramento-ca-95811,1610 R Street,,Sacramento,CA,95811,USA,866-976-5669,https://custommortgageinc.com
sacramento-ca-95815,2180 Harvard St,,Sacramento,CA,95815,USA,866-976-5669,https://custommortgageinc.com
sacramento-ca-95825,1750 Howe Ave,,Sacramento,CA,95825,USA,866-976-5669,https://custommortgageinc.com
sacramento-ca-95834,180 Promenade Cir,,Sacramento,CA,95834,USA,866-976-5669,https://custommortgageinc.com
san-antonio-tx-78216,40 NE Loop 410 Ste 100,,San Antonio,TX,78216,USA,866-976-5669,https://custommortgageinc.com
san-antonio-tx-78217,8918 Tesoro Dr,,San Antonio,TX,78217,USA,866-976-5669,https://custommortgageinc.com
san-diego-ca-92101,225 Broadway,,San Diego,CA,92101,USA,866-976-5669,https://custommortgageinc.com
san-diego-ca-92101,402 West Broadway,,San Diego,CA,92101,USA,866-976-5669,https://custommortgageinc.com
san-diego-ca-92101,501 West Broadway,,San Diego,CA,92101,USA,866-976-5669,https://custommortgageinc.com
san-diego-ca-92101,770 First Avenue,,San Diego,CA,92101,USA,866-976-5669,https://custommortgageinc.com
san-francisco-ca-94102,1390 Market Street,,San Francisco,CA,94102,USA,866-976-5669,https://custommortgageinc.com
san-francisco-ca-94102,720 Market Street,,San Francisco,CA,94102,USA,866-976-5669,https://custommortgageinc.com
san-francisco-ca-94103,95 Third Street,,San Francisco,CA,94103,USA,866-976-5669,https://custommortgageinc.com
san-francisco-ca-94111,50 California Street,,San Francisco,CA,94111,USA,866-976-5669,https://custommortgageinc.com
san-jose-ca-95110,2033 Gateway Place,,San Jose,CA,95110,USA,866-976-5669,https://custommortgageinc.com
san-jose-ca-95113,18 South 2nd Street,,San Jose,CA,95113,USA,866-976-5669,https://custommortgageinc.com
san-jose-ca-95113,325 S 1st St,,San Jose,CA,95113,USA,866-976-5669,https://custommortgageinc.com
san-jose-ca-95113,99 S Almaden Blvd,,San Jose,CA,95113,USA,866-976-5669,https://custommortgageinc.com
san-juan-pr-,1309 Ashford Avenue,,San Juan,PR,,USA,866-976-5669,https://custommortgageinc.com
santa-monica-ca-90401,401 Wilshire Boulevard,,Santa Monica,CA,90401,USA,866-976-5669,https://custommortgageinc.com
seattle-wa-98101,1201 Second Avenue,,Seattle,WA,98101,USA,866-976-5669,https://custommortgageinc.com
seattle-wa-98101,1420 Fifth Avenue,,Seattle,WA,98101,USA,866-976-5669,https://custommortgageinc.com
seattle-wa-98104,701 Fifth Avenue,,Seattle,WA,98104,USA,866-976-5669,https://custommortgageinc.com
seattle-wa-98107,1455 North West Leary Way,,Seattle,WA,98107,USA,866-976-5669,https://custommortgageinc.com
tampa-fl-33602,100 South Ashley Drive,Suite 600,Tampa,FL,33602,USA,866-976-5669,https://custommortgageinc.com
tucson-az-85701,1 S Church Avenue,Suite 1200,Tucson,AZ,85701,USA,866-976-5669,https://custommortgageinc.com
tulsa-ok-74103,321 South Boston Avenue,Suite 300,Tulsa,OK,74103,USA,866-976-5669,https://custommortgageinc.com
virginia-beach-va-23452,780 Lynnhaven Parkway,Suite 400,Virginia Beach,VA,23452,USA,866-976-5669,https://custommortgageinc.com
wailea-hi-96753,3750 Wailea Alanui Drive,,Wailea,HI,96753,USA,866-976-5669,https://custommortgageinc.com
washington-dc-20005,1101 Vermont Avenue NW,,Washington,DC,20005,USA,866-976-5669,https://custommortgageinc.com
washington-dc-20006,1701 Pennsylvania Avenue NW,,Washington,DC,20006,USA,866-976-5669,https://custommortgageinc.com
washington-dc-20009,1900 Connecticut Avenue NW,,Washington,DC,20009,USA,866-976-5669,https://custommortgageinc.com
